UserId,FirstName,LastName,Salary,Active
1365,Allard,Hawick,5968.26,true
1177,Cyrillus,Iseton,5938.22,true
14,Sammy,Kemmey,5895.88,true
1136,Lindie,Dickerson,5860.32,true
1619,Vina,Judge,5839.31,true
1124,Roana,Skeldon,5837.10,true
660,Aline,Sinott,5830.92,true
1978,Arabella,Olford,5816.86,true
1738,Wilona,Dunbar,5815.29,true
1316,Alison,Beldum,5801.77,true
598,Kimmie,Raulston,5799.79,true
506,Tamas,Kierans,5776.42,true
1802,Kassey,Robb,5774.41,true
1296,Wendel,McIlvenny,5742.88,true
65,Dorice,Draco,5734.32,true
711,Mella,Tomenson,5713.78,true
875,Perle,Pimm,5700.96,true
763,Laney,Gerraty,5637.84,true
1175,Jacquette,Levey,5610.71,true
1540,Kin,Fendt,5570.28,true
86,Myrtice,Jindra,5529.88,true
1586,Gaelan,Watsham,5508.92,true
1148,Keir,Tomlins,5489.17,true
158,Miguela,Holborn,5481.49,true
1228,Nester,Martello,5463.88,true
547,Crosby,Ganley,5456.17,true
1681,Silvana,Denis,5454.24,true
1562,Abran,Durward,5335.22,true
922,Thia,Seals,5331.98,true
1722,Janet,Saffin,5309.07,true
1963,Ezekiel,Gutans,5308.36,true
1786,Shayne,Scrowton,5306.00,true
316,Humfrey,Denne,5302.45,true
510,Sher,Freake,5300.57,true
1431,Ermanno,McCaughren,5239.94,true
294,Ilsa,Connew,5201.74,true
792,Zilvia,Critzen,5171.07,true
1836,Alexander,Rapier,5149.88,true
215,Ekaterina,Burford,5141.27,true
956,Elmo,Vandenhoff,5133.30,true
1829,Kessia,Dow,5096.99,true
1281,Terrill,Dunsmuir,5053.09,true
1598,Dannel,Axelbee,4989.45,true
409,Terrijo,Dibbin,4938.61,true
1931,Barnaby,Hechlin,4904.07,true
633,Keary,Tibbits,4902.43,true
557,Brooke,Devas,4893.23,true
544,Lacie,Kellert,4865.41,true
1351,Bobbe,Blanche,4861.15,true
1090,Bogart,Spinozzi,4846.22,true
150,Bert,Goulthorp,4835.24,true
955,Bern,Bason,4814.11,true
201,Emlynn,Bergin,4810.62,true
1966,Craig,Pemble,4758.12,true
77,Rosalynd,Prigg,4744.63,true
1439,Aimee,Dupoy,4738.23,true
1210,Franciskus,Sor,4709.62,true
1994,Cale,Kitter,4692.57,true
1792,Silvain,Rolingson,4685.90,true
885,Harvey,MacCrossan,4666.95,true
1321,Chlo,Nanuccioi,4664.09,true
415,Phelia,Flay,4662.46,true
1634,Jan,Fulkes,4637.21,true
1892,Willey,Gowen,4628.67,true
1824,Christine,Woolfitt,4618.57,true
370,Fiorenze,Sarfat,4560.66,true
329,Ashton,Harley,4558.02,true
1685,Costanza,Quidenham,4552.73,true
1849,Hart,Papworth,4473.35,true
1112,Dara,Voas,4464.79,true
620,Alexis,Wallbrook,4452.32,true
1869,Maxine,Itzhayek,4446.80,true
357,Hewe,Rubbens,4426.84,true
638,Morty,Piser,4399.83,true
96,Kelcey,Reuble,4333.89,true
1593,Cesaro,Crouse,4292.43,true
44,Antony,Haestier,4286.22,true
571,Nani,Giorgiutti,4257.20,true
739,Amaleta,Swainston,4249.77,true
1291,Josey,Andrejs,4161.23,true
980,Kipper,Swepstone,4145.09,true
1771,Kelli,Scotney,4126.23,true
1166,Catherine,Jeandet,4120.65,true
1955,Taylor,Consadine,4097.66,true
1808,Alaric,Rosencrantz,4088.31,true
145,Jacob,Caldeiro,4086.63,true
1326,Angelita,Karpenya,4076.17,true
844,Margret,Vidineev,4050.52,true
842,Neddy,Gatland,4047.03,true
882,Lyndsey,Espinal,4011.14,true
405,Murdock,Woolham,4000.69,true
356,Arvin,McCallister,3973.41,true
1343,Devy,Simonyi,3906.18,true
615,Colet,Rosencwaig,3893.05,true
1346,Holli,Farnill,3891.69,true
255,Stearne,Gabby,3876.16,true
1969,Lacie,Sturrock,3858.24,true
105,Shelby,Mugridge,3857.53,true
1511,Norene,O'Dowgaine,3813.31,true
1113,Urbano,Jeandillou,3805.79,true
253,Deeyn,Blackman,3771.46,true
1399,Lotta,McMillian,3732.14,true
768,Kristoffer,Coughlin,3708.27,true
1171,Andreana,Loughrey,3682.02,true
1582,Raoul,Spellissy,3668.54,true
1406,Trixie,Giannotti,3658.89,true
459,Patrizio,Dummer,3597.89,true
198,Wanda,Cristofano,3581.95,true
1269,Park,Claremont,3575.00,true
430,Coral,Harme,3547.03,true
31,Magda,Le Fevre,3534.90,true
149,Glenda,Charlick,3502.21,true
1813,Crichton,Martell,3499.52,true
602,Susie,Langhorne,3484.31,true
1952,Gearalt,Schollick,3483.24,true
1275,Rafi,Keeling,3389.99,true
1860,Hadrian,Keech,3388.79,true
1432,Carlo,Haggard,3362.05,true
349,Marigold,Bexley,3336.18,true
71,Arlie,Ridd,3319.17,true
1333,Archibold,Recke,3315.35,true
1591,Jacques,Gilleson,3294.46,true
1105,Rockwell,Baldin,3280.48,true
1285,Udale,Franchyonok,3271.23,true
389,Cobb,Opdenort,3228.56,true
776,Nata,Lingley,3202.12,true
47,Willi,Huikerby,3161.50,true
611,Emelen,Acott,3144.21,true
1209,Genna,Houldcroft,3143.39,true
1050,Lotti,Kohlerman,3123.10,true
428,Joannes,McSperrin,3108.39,true
1474,Milli,Elger,3104.45,true
163,Gilemette,Brothwell,3095.34,true
814,Sabrina,Cuzen,3094.35,true
1310,Cristie,Strahan,3059.38,true
1694,Quinlan,Guillem,3056.45,true
1782,Cam,MacTerlagh,3040.27,true
1790,Egbert,MacKettrick,3018.90,true
1488,Mead,Laidlaw,3011.58,true
1302,Jamey,Lordon,3004.71,true
1744,Garrek,Happert,2961.40,true
1881,Ara,Bold,2942.53,true
501,Wilburt,Towns,2832.47,true
1270,Wildon,Brear,2826.72,true
172,Tally,Duckworth,2820.09,true
849,Gregory,Kilduff,2816.75,true
1048,Baird,Petley,2814.92,true
1868,Rube,Ryder,2772.72,true
1391,Krysta,Count,2749.23,true
1935,Pavel,Boobier,2698.69,true
1823,Ario,Triggol,2697.99,true
697,Pascale,Meagh,2668.16,true
1650,Noelle,Scrowson,2604.99,true
315,Thorvald,Fessby,2569.93,true
678,Marthena,Tryme,2550.92,true
918,Alaric,Dutson,2547.53,true
742,Bruce,Brissard,2536.64,true
1019,Dannie,Kolakowski,2525.55,true
1460,Bunny,Schreiner,2524.05,true
527,Artie,Linnell,2520.32,true
1648,Kimmy,Stapley,2504.11,true
503,Vivianne,Benettelli,2497.61,true
1254,Anatollo,Gregoratti,2460.00,true
1295,Tiphany,Cowland,2445.86,true
1667,Jasper,Bealing,2427.29,true
1155,Jacquetta,McAughtrie,2411.34,true
420,Hunt,Berridge,2395.69,true
1504,Erich,Markovich,2394.21,true
1965,Roley,Villaron,2372.76,true
923,Nonie,Botwright,2320.46,true
417,Norry,Climar,2295.85,true
1064,Weidar,Jaycox,2263.76,true
987,Hank,Perrat,2257.27,true
1410,Ynez,Dudden,2237.29,true
1945,Rachelle,Otterwell,2212.89,true
1578,Carlen,Dahlgren,2200.29,true
808,Fanny,Peplay,2182.98,true
1947,Louisette,Sawers,2166.59,true
1416,Gwynne,Oslar,2127.50,true
1904,Logan,Mullany,2111.56,true
1921,Madonna,Lewnden,2082.26,true
1051,Belinda,Hutchason,2081.12,true
1240,Julie,Vernalls,2031.46,true
1409,Christin,Wrinch,2019.68,true
1165,Alden,Camilleri,2018.45,true
1850,Lillis,Verbruggen,2013.86,true
1916,Marvin,Cartmill,5913.67,true
1134,Kirsten,Corain,5906.88,true
39,Jordain,Cheeseman,5810.76,true
553,Erastus,Bartlomieczak,5810.03,true
1239,Aleta,Dewdeny,5750.97,true
18,Nat,Haslin,5749.49,true
1077,Samuel,Yeldon,5685.72,true
376,Coraline,Licciardi,5681.90,true
1835,Darice,Bernardez,5677.32,true
959,Elfie,Clapston,5646.14,true
360,Justin,Lamblin,5643.19,true
1304,Amberly,Yashunin,5602.07,true
772,Mona,Eisikovitsh,5596.92,true
693,Tommy,Canwell,5576.83,true
1930,Isiahi,Monahan,5488.34,true
1393,Gilberto,Danbi,5426.30,true
1060,Jude,Petett,5389.48,true
399,Towny,Bea,5327.99,true
82,Malorie,Dametti,5308.98,true
1729,Bobine,McAuslan,5243.35,true
1581,Jordan,Giannazzi,5188.29,true
603,Mabel,Di Baudi,5162.41,true
947,Shayla,MacCracken,5124.77,true
1319,Gunther,MacAllan,5094.95,true
1525,Gustave,Mechell,5050.77,true
361,Vinny,Glowinski,5039.09,true
828,Cy,Popeley,5018.60,true
1482,Matthew,Walisiak,4953.22,true
1451,Dewey,Schettini,4854.65,true
374,Waylin,Beazley,4818.29,true
1973,Shep,Lezemore,4813.80,true
876,Hadlee,Aliman,4787.43,true
270,Lindsey,Fullard,4724.80,true
265,Kaia,Ast,4654.13,true
745,Athene,Elgie,4635.91,true
1914,Kyrstin,Goodram,4596.86,true
1777,Ulric,Vella,4555.21,true
1747,Theresina,Ondrusek,4478.97,true
1095,Emmeline,Oxterby,4447.69,true
194,Nalani,Balloch,4338.68,true
664,Michaeline,Domini,4329.35,true
1289,Thor,Outright,4265.97,true
1736,Gaylor,Sheere,4195.02,true
1227,Olia,Le Frank,4165.33,true
1689,Ardys,McNeillie,4146.59,true
1006,Drusie,Joder,4139.90,true
390,Darrick,Thorneley,4002.96,true
886,Agata,Lermit,3952.38,true
1126,Ladonna,Wimmers,3946.18,true
1309,Valerye,Cockland,3914.55,true
723,Pierson,Honeyghan,3875.50,true
1861,Maire,Coneley,3855.36,true
1682,Baron,Allum,3852.16,true
1630,Willette,Bathoe,3831.34,true
690,Clementia,Tracy,3798.41,true
1623,Aubrette,Ziems,3773.32,true
1997,Christie,Antonescu,3752.07,true
340,Alejandra,Curreen,3747.99,true
1542,Micheil,Ferentz,3716.65,true
1918,Durward,Kohrt,3708.33,true
1957,Shelli,Placidi,3701.31,true
863,Louisette,Ivanishev,3674.57,true
12,Nataline,Feast,3665.58,true
1977,Myrtle,Simcock,3663.61,true
1710,Orlando,Seago,3659.02,true
342,Lazar,Crone,3475.43,true
1082,Andris,Kloss,3433.43,true
1459,Damiano,Ewington,3393.23,true
1678,Zachery,Reynoldson,3369.67,true
407,Janeczka,Washtell,3361.47,true
946,Robinetta,Flute,3328.12,true
1473,Lorin,Temperton,3294.02,true
966,Fergus,Ashburne,3279.67,true
11,Benedikta,Chadwick,3276.22,true
1371,Norry,Faulkener,3249.94,true
465,Connie,Kenna,3191.31,true
1696,Karol,Barnsdall,3178.81,true
1759,Allyn,Cripwell,3154.07,true
1737,Devin,Golston,3150.99,true
1429,Beaufort,Lyddon,3144.08,true
1046,Duffy,Auton,3134.41,true
1023,Kay,Fuxman,3121.82,true
1604,Jordana,Petrov,3108.68,true
123,Miguel,Jahan,3091.07,true
1487,Beaufort,Ponder,3076.84,true
1895,Jeremie,Swalwel,3069.43,true
1267,Roman,Rusling,3063.82,true
222,Carlo,Grewer,3051.19,true
1958,Horace,Ernshaw,2993.10,true
1662,Thomas,Godfray,2989.64,true
352,Garv,MacCulloch,2946.67,true
1819,Wiatt,Fairbairn,2931.64,true
1637,Rene,Tinan,2907.28,true
639,Kirsti,Ortes,2863.17,true
601,Cesya,Fradgley,2779.72,true
56,Janice,Castanares,2737.71,true
505,Mariska,Goldstein,2714.87,true
93,Norah,Metschke,2711.82,true
661,Carmelle,Trye,2683.72,true
1247,Maurits,Holton,2620.11,true
1501,Renate,Dawbury,2599.96,true
1121,Wallache,Malcher,2481.68,true
574,Ricki,Evesque,2472.51,true
1995,Ricoriki,Nortcliffe,2447.09,true
485,Raphaela,Pentecost,2439.00,true
343,Janessa,Bosher,2415.30,true
261,Udall,Stubbs,2403.57,true
151,Royall,Millin,2400.34,true
1345,Trev,Shaves,2375.00,true
1456,Kipp,Polkinhorn,2346.32,true
1635,Rowen,Binfield,2328.57,true
167,Demetra,Besson,2220.36,true
855,Marleah,Boskell,2193.31,true
1380,Hercules,Dallimare,2141.33,true
1012,Midge,Bonnefin,2140.28,true
1548,Clare,Hellewell,2137.42,true
1852,Nicol,Mound,2022.29,true
1520,Shelton,Eldrett,2017.99,true
1472,Janenna,Corck,5956.70,true
1107,Connor,Haverson,5907.72,true
534,Gannon,McQuaker,5622.80,true
872,Timi,Clyma,5529.64,true
753,Davida,Villaret,5454.48,true
1256,Leia,Gillman,5187.52,true
884,Lucinda,Yeowell,5184.57,true
1066,Magdalen,Tully,5114.28,true
1518,Sayers,Krink,5099.04,true
1325,Belia,Robillart,5041.38,true
1404,Damaris,Houndson,4975.28,true
1611,Lucita,MacDearmont,3508.41,true
385,Kissee,Stollwerk,3272.84,true
219,Irvine,Minet,3117.59,true
1161,Zsazsa,Clampton,2895.57,true
400,Morganica,Rayworth,2780.38,true
419,Issiah,Philliphs,2336.28,true
1057,Valle,Coster,2252.24,true
1458,Ardra,Vanyakin,2190.35,true
128,Blane,Digan,2143.73,true
1191,Goldarina,Gilleon,2062.07,true
